time,total,perc_randomised,perc_vendor,count_randomised,count_vendor,apple,not_apple
2021-08-30,1531,0.9311230959103282,0.06887690408967184,55075,4074,152.0,3922.0
