time,total,perc_randomised,perc_vendor,count_randomised,count_vendor,apple,not_apple
2021-08-30,1531,0.8978535632560826,0.10214643674391748,125950,14329,446.0,13883.0
